,noun,count
55,앱,749
7,어플,329
40,결제,301
123,자전거,293
0,따릉이,258
531,지도,246
34,로그인,245
15,대여,221
82,업데이트,201
309,오류,198
8,사용,190
97,이용,177
268,대여소,159
128,시간,154
225,불편,153
26,다시,131
211,로딩,131
93,회원,123
76,돈,122
61,쓰레기,113
407,가입,109
146,제대로,109
58,계속,105
16,반납,92
80,세금,92
270,검색,90
253,개선,89
54,그냥,80
113,카드,75
86,인증,71
96,사람,71
189,기능,70
215,아이디,70
49,시스템,69
308,화면,68
198,위치,68
87,번호,66
483,개발자,64
1065,실행,60
131,비밀번호,58
85,서울시,57
3,생각,57
264,처음,56
205,자체,55
861,전,55
394,타고,54
50,짜증,54
319,개발,53
105,이용권,51
323,말,51
28,함,51
69,공무원,50
627,한번,50
1055,버전,50
327,게,49
447,무슨,49
226,문제,49
12,자동로그인,48
218,찾기,48
19,전화,48
324,하니,47
731,지금,46
542,비번,46
338,임,46
214,관리,45
199,서비스,45
411,등록,45
448,보고,44
724,아예,44
37,해,43
678,접속,43
310,도대체,43
247,부터,42
51,거지,42
322,필요,42
52,카카오,42
742,통신,42
203,표시,42
120,어도,41
421,설치,41
527,정기권,40
600,먹통,40
149,오늘,40
142,일,40
743,장애,39
478,부탁,39
471,다른,39
363,정도,38
1095,확인,38
170,리뷰,38
558,코드,38
92,비,37
104,아무,37
161,또,37
340,폰,36
94,구매,36
991,데이터,36
458,이상,36
60,건가,35
279,기,35
1052,에러,35
67,이따,35
91,어디,35
112,매번,35
259,별,35
400,공지,35
43,권,35
721,타,34
202,물방울,34
9,려면,34
711,체크,33
492,이나,33
376,뒤,33
38,자꾸,32
788,이전,31
191,인식,31
106,방법,31
615,지고,31
449,중이,31
284,무한,30
130,나,30
598,입력,30
472,분,30
1472,업뎃,30
495,연결,29
820,낭비,29
555,버튼,29
626,이후,29
672,결,29
429,천원,29
556,건,29
266,가요,29
137,누가,28
241,보,28
111,가능,28
625,자동,28
746,문자,28
256,업체,28
287,때문,27
18,고객센터,27
424,종료,27
427,수정,27
109,정보,26
355,로,26
1003,티머니,26
1863,현황,26
925,차라리,26
288,네이버,26
1296,려니,26
874,아주,26
430,시민,26
479,렉,26
302,사용자,26
351,설명,25
1047,추가,25
81,알,25
838,설정,25
603,점,25
632,욕,25
223,겁,25
305,하나요,25
713,유지,25
1724,테스트,24
336,서울,24
420,재,24
487,대체,24
646,요금,24
730,페이,24
56,켜,23
966,바로,23
661,가지,23
384,수준,23
915,예전,23
344,서버,23
124,거리,23
201,상태,23
519,환불,23
601,너,23
518,결재,23
318,작동,23
727,이안,23
244,이해,22
138,고장,22
1031,포기,22
498,삭제,22
1041,선택,22
1289,페이지,22
533,창,22
5,원,22
306,해결,22
674,휴대폰,22
45,오래,22
84,다운,22
296,구,22
42,일일,22
53,도안,22
673,제하,22
858,조차,21
178,하루,21
275,소,21
451,자주,21
1253,간편,21
1760,이번,21
425,시작,21
499,만,21
325,하자,21
572,시도,21
181,리지,21
282,카톡,21
416,경우,20
234,식,20
455,전혀,20
976,완전,20
1021,날,20
722,네트워크,20
260,개도,20
265,부분,20
1249,이건,20
316,엉망,20
89,열,20
524,면,20
368,속도,19
689,정책,19
629,갑자기,19
606,핸드폰,19
1000,듯,19
657,몇,19
955,디자인,19
286,매우,19
906,개편,18
380,터,18
1421,길,18
159,도로,18
834,덕분,18
224,고요,18
435,겨우,18
135,도,18
1163,절차,18
277,동안,18
1364,여러,18
350,위,18
378,가기,17
64,달,17
385,기본,17
1247,반복,17
217,안나,17
163,다리,17
1029,인터넷,17
691,아침,17
509,직접,17
676,불가,17
103,안보,17
779,습,17
185,위로,17
754,버스,17
1038,래서,17
452,발생,16
403,리하,16
409,오류로,16
641,똑바로,16
171,조금,16
630,주변,16
525,집,16
208,편리,16
100,어이,16
415,거치대,16
780,다만,16
468,운영,16
851,정류장,16
459,버그,16
978,뭘,15
1943,실패,15
980,몇번,15
373,메뉴,15
993,불가능,15
1216,본인,15
167,움,15
1810,초과,15
274,정류,15
506,아야,15
573,임시,15
567,클릭,15
1555,아직,15
1094,버젼,15
540,연동,15
694,타지,15
1071,모바일,15
1486,지지도,15
126,이지,15
269,리,15
770,도록,15
108,신용카드,15
787,처,15
231,진심,15
1327,속,15
68,구로,15
262,사,15
1195,보기,15
1002,교통카드,14
1393,보이,14
1210,메인,14
917,사항,14
905,오지,14
904,확,14
829,웹,14
462,아가,14
1426,홈페이지,14
1442,장난,14
732,거나,14
514,고하,14
704,완료,14
539,비회,14
544,별로,14
604,한시간,14
317,기도,14
545,대학생,14
75,관,14
312,대충,14
235,이유,14
118,처리,14
140,담당자,14
686,꼭,13
850,근처,13
849,마,13
832,한참,13
2218,던데,13
815,택시,13
809,제도,13
790,놈,13
703,방식,13
1345,이제,13
622,모든,13
593,편,13
562,누구,13
511,인지,13
371,만큼,13
240,를,13
442,탈,13
419,질,13
666,분명,13
390,정,13
27,발,13
47,만하,13
873,성,13
1076,남,13
1295,지나,13
1198,첫,13
71,생기,13
1061,지역,13
1135,줄,13
981,키,13
941,네,13
578,복잡,12
994,어제,12
856,쓰기,12
1751,간단,12
513,수단,12
490,입하,12
1066,분동,12
4,상담,12
596,잘만,12
963,드,12
967,옴,12
148,지지,12
144,답,12
700,일단,12
1245,진행,12
110,저장,12
107,주시,12
923,팝업,12
812,확대,12
62,평가,12
817,장,12
283,중간,12
83,지우,12
895,장소,12
830,대로,12
315,기획,12
330,지네,12
333,요즘,12
1291,관련,11
677,가끔,11
1339,전부,11
248,얼마나,11
168,노답,11
698,공공,11
842,기전,11
361,운,11
303,그것,11
1647,안해,11
1192,입,11
586,앱좀,11
772,어쩌,11
1473,버벅,11
59,타라,11
577,최고,11
440,국민,11
307,초기,11
560,이면,11
755,지하철,11
417,실망,11
280,본적,11
446,두,11
1103,조회,11
98,합,11
362,영하,11
151,기분,10
72,진,10
675,명의,10
799,자리,10
470,머,10
852,볼,10
143,인간,10
335,처럼,10
461,돌,10
747,미리,10
441,예약,10
1379,및,10
796,변경,10
1803,스마트폰,10
1572,옆,10
48,안남,10
532,뭔가,10
582,각하,10
1165,신경,10
300,여기,10
494,톡,10
960,고치,10
194,취지,10
311,안내,10
1056,빨,10
951,만드,10
267,로그아웃,10
943,까운,10
2126,정거장,10
639,직관,10
238,자기,9
1747,기존,9
454,글,9
761,보상,9
1732,모양,9
642,불,9
595,개판,9
1901,단말기,9
216,기억,9
1636,물,9
232,사업,9
620,과정,9
1590,아지,9
2512,거기,9
1434,전이,9
122,사용성,9
512,시나,9
837,안넘,9
929,아보,9
1404,부족,9
909,외국인,9
1013,자,9
1032,여서,9
73,심,9
1137,당,9
408,며칠,9
846,는걸,9
388,편의,9
2224,애초,9
249,대한,9
813,이동,9
348,화,9
2211,생,9
805,언제,9
1113,즐겨찾기,9
1257,암,9
1690,여요,8
14,리기,8
1250,솔직,8
609,끝,8
1954,짐,8
1976,가격,8
1072,지원,8
367,세상,8
987,상적,8
1736,가안,8
326,위해,8
29,참고,8
1965,화가,8
565,여주,8
2,프로그램,8
1145,무하,8
551,실시간,8
783,라면,8
1263,애,8
684,세,8
520,불안,8
1468,리다,8
818,난하,8
345,어찌,8
132,신청,8
1478,매하,8
141,평소,8
843,점검,8
1527,퇴근,8
681,갤럭시,8
1271,이정,8
1333,수도,8
871,좀더,8
2166,기반,8
1325,와이파이,8
671,현재,8
1302,씨름,8
156,라서,8
162,가면,8
628,홈,8
927,난,8
1090,보완,8
443,가보,8
1853,대하,8
375,사라,8
484,외주,8
431,정부,8
397,자마자,8
255,담당,8
496,계정,8
1801,탈퇴,8
1671,기만,7
2248,보시,7
804,문의,7
1326,환경,7
1607,박원순,7
613,바람,7
1387,유용,7
354,그대로,7
1678,투자,7
792,은,7
1407,에다가,7
1406,새,7
784,반성,7
1433,업그레이드,7
2814,강남,7
1299,매일,7
1309,상,7
617,정상,7
377,가야,7
488,회,7
502,기업,7
1844,얼마,7
133,뜸,7
692,항상,7
127,출근시간,7
460,투성이,7
1214,메시지,7
679,공공기관,7
935,중인,7
934,명,7
667,학교,7
272,체적,7
292,구글,7
480,경험,7
748,셔,7
926,대중교통,7
1571,하든,7
997,더욱,7
919,연,7
1586,그게,7
1008,깝,7
612,신고,7
1920,선정,7
437,대한민국,7
381,상황,7
1935,종일,7
538,안타,7
343,구리,7
1119,의견,7
821,스트레스,7
210,기대,7
1098,고려,7
1120,물어,7
278,고생,7
204,인터페이스,7
1085,거의,7
814,가장,7
2579,콜센터,7
1127,의심,7
648,소요,6
1825,짓,6
1452,출퇴근,6
1441,다음,6
634,평점,6
1544,이상하,6
1699,나니,6
78,그거,6
399,눈앞,6
1280,원래,6
836,운동,6
482,능력,6
481,국가,6
2323,감,6
1764,구입,6
752,지각,6
2156,아이폰,6
398,던,6
1079,추천,6
649,꼴,6
660,문제점,6
412,이도,6
989,공유,6
119,적당,6
708,단계,6
707,마지막,6
281,부실,6
705,메세지,6
953,개인,6
715,친구,6
961,큐,6
467,보지,6
1256,요구,6
844,나은,6
848,그나,6
145,파악,6
942,도아,6
1875,중요,6
1989,단,6
977,점도,6
35,삼성,6
474,신,6
1101,잡고,6
1456,달라,6
1204,젠,6
1201,일반,6
988,동작,6
1112,터치,6
564,눈,6
1363,지하,6
428,어보,6
1413,퀄리티,6
174,따위,6
549,심지어,6
450,현상,6
364,다운로드,6
1934,큐알,6
423,어간,6
1143,바,6
3045,암호,6
1115,철밥통,6
3037,구간,6
339,형편,6
1820,심각,6
875,만족,6
1132,무능,6
866,무료,6
569,이메일,6
1698,한강,6
2023,반,6
922,킬때,6
1009,안정,6
1598,체,6
1287,외,6
1188,여,6
2061,뭡,6
1073,메,6
1017,역시,6
489,원가,6
1189,된거,6
485,바이크,6
710,일주일,6
1890,박,5
263,용법,5
1475,만듭시,5
1476,내주,5
2717,군데,5
445,벌써,5
1992,구려,5
1425,똥,5
1438,과금,5
233,예산,5
924,수십,5
2232,불만,5
952,마저,5
1358,구동,5
426,시급,5
1328,접근성,5
2168,이미지,5
712,일일이,5
833,어감,5
868,모,5
950,차,5
1307,원활,5
1826,아하,5
1351,한동,5
88,절대,5
745,알림,5
346,느,5
828,대가,5
775,런가,5
827,죽,5
353,뿐,5
422,급,5
413,어플리케이션,5
342,느낌,5
782,준,5
289,사이트,5
418,음으로,5
899,린다,5
1451,만해,5
738,잘못,5
1831,무제한,5
1267,도저히,5
859,료,5
892,마음,5
907,자랑,5
456,상당,5
845,불친절,5
3042,월,5
1558,쓰래,5
169,밑,5
180,늘,5
276,십분,5
1062,대만,5
1118,이용자,5
486,모두,5
10,튕,5
1584,뻔,5
1001,후불,5
1136,시오,5
1579,혼자,5
548,요하,5
547,필,5
644,사서,5
1566,최신,5
1870,추,5
1613,쇼,5
1168,연장,5
1783,인원,5
1053,니,5
1789,쓸모,5
597,듬,5
2095,최적화,5
1152,강제,5
1777,사실,5
1130,확실,5
491,순간,5
2339,눌,5
2104,회사,5
1023,반응,5
561,접,5
1628,대해,5
1166,취소,5
2520,도하,5
1091,지게,5
1549,잠,5
510,용해,5
1220,브라우저,5
1222,발송,5
529,단체,5
328,오히려,5
1522,팝업창,5
1737,이름,5
358,허비,5
500,당장,5
212,중만,5
313,조치,5
1979,통화,5
285,일이,5
962,알코,5
701,제일,5
702,통해,5
1753,애용,5
1078,용,5
972,나라,5
476,단순,5
1209,노트,5
1546,승인,5
2152,안드로이드,5
659,고도,5
1542,이아,5
6,친절,5
1538,씨,5
1208,수고,5
22,관리자,5
1104,직원,5
1681,빼,5
473,말씀,5
576,구성,5
1215,요청,5
382,지속,5
2003,거임,4
298,표기,4
1330,도둑,4
1840,잠금장치,4
2357,배,4
863,인,4
1338,틀,4
1122,쌍욕,4
1873,성능,4
2227,열심,4
1344,증말,4
1995,롤백,4
1346,음,4
1874,무엇,4
1102,대기,4
1088,잠깐,4
1067,밤,4
254,현,4
1320,간다,4
1314,무조건,4
1283,오랜만,4
998,피드백,4
996,도상,4
30,별하나,4
986,환,4
301,캐시비,4
1348,아이디어,4
41,적용,4
1262,성질,4
940,치,4
1217,공인,4
1223,내용,4
1259,만들기,4
2435,응답,4
57,지질,4
1240,당황,4
948,달리,4
2635,기면,4
2262,난리,4
1970,예,4
2959,간,4
1190,닌,4
897,탈수,4
884,교통비,4
1037,기간,4
890,평이,4
1147,체계,4
1033,만날,4
21,계,4
894,배치,4
1030,답답,4
1149,완성,4
1011,분간,4
1161,은지,4
1025,왜안,4
271,총,4
1022,라오,4
908,반적,4
2255,개월,4
913,시대,4
1184,새끼,4
2274,바닥,4
209,스마트,4
1526,알바,4
150,분만,4
147,이루,4
1827,님,4
687,사기,4
1530,어진,4
1531,소모,4
1532,량,4
475,최소,4
222,어쩌자,4
1796,맵,4
2036,움직,4
1537,지연,4
668,출근길,4
665,살,4
662,하청,4
1524,로만,4
1494,란,4
1491,발전,4
1966,업뎃하,4
466,당하,4
1809,을해,4
714,요망,4
1483,번거,4
720,쫌,4
2183,아,4
728,어떡,4
1474,허구,4
125,도보,4
2901,기부,4
1455,보임,4
1443,동하,4
753,이란,4
2136,고객,4
1583,복지,4
2193,사전,4
195,햇,4
554,새로고침,4
1716,퇴근시간,4
1722,제공,4
1726,다섯,4
1727,낫다,4
1774,의문,4
197,익숙,4
2532,비교,4
2054,사하,4
1750,아버,4
1891,시장님,4
1752,망치,4
2053,동네,4
207,림,4
184,야합,4
1703,대요,4
504,치하,4
1700,랙,4
574,대수,4
1675,회원정보,4
1666,프로그래밍,4
1786,듭니,4
1661,노소,4
1660,남녀,4
2813,여의도,4
1643,거치,4
2556,숫자,4
1614,나하,4
616,체인,4
370,서도,4
164,지면,4
756,교통,4
1385,엣지,4
2214,검토,4
1369,장치,4
778,개똥,4
2926,무시,4
1392,먼저,4
2205,공식,4
438,정신,4
1384,아이콘,4
293,스토어,4
1376,금,4
1430,이틀,4
797,다행,4
2216,업댓,4
1390,네비게이션,4
823,전하,4
806,쯤,4
295,이하,4
294,업데,4
1360,택,4
801,사진,4
1431,조,4
2016,당췌,4
1403,하내,4
1814,학생,4
1383,오른쪽,3
1139,민,3
2385,님들,3
1381,중심,3
1670,모듈,3
1856,찍,3
2380,대여시간,3
1140,갈수록,3
1142,퇴보,3
2587,서서,3
1440,합리,3
1656,최저,3
1818,부디,3
2993,백신,3
2710,보안,3
2839,재미,3
1171,반응속도,3
1170,설계,3
1763,낼,3
1627,부,3
1987,땡볕,3
2388,우선,3
2125,제작,3
2826,여러가지,3
2589,여보,3
1138,신들,3
1639,아시,3
2044,성공,3
2096,속편,3
1687,시장,3
2705,저렴,3
1362,유,3
2779,인도,3
2072,어케,3
1365,이모,3
2069,고등학생,3
2065,패치,3
1110,지역구,3
1728,집앞,3
1972,충실,3
1680,금액,3
2057,요새,3
1359,출근,3
1099,활용,3
1347,감수,3
1096,프로젝트,3
1357,워,3
1354,자세,3
3019,개인정보,3
1963,주기,3
1775,봄,3
1710,기고,3
2672,실수,3
2011,조사,3
2089,오해,3
1324,무,3
2562,드릴,3
1887,이세,3
1336,맨,3
2371,혈압,3
1337,도화면,3
2565,구형,3
1704,응,3
1121,실제,3
1932,패,3
2075,만계,3
1708,배터리,3
1602,오니,3
1847,시타,3
1594,전체,3
1405,어차피,3
1427,원도,3
2483,게다가,3
1477,가능성,3
2180,나름,3
1480,년,3
1252,엉터리,3
1482,시마,3
1837,삽질,3
2466,노,3
1409,꼬,3
1489,불구,3
1294,겨울,3
1971,충분,3
1246,의,3
1845,줌,3
1846,만듭,3
2663,금제,3
1947,나타,3
2492,한지,3
1290,야만,3
2598,노력,3
2914,타구,3
2444,여지,3
1282,커녕,3
1813,수업,3
2192,로드,3
1991,군,3
1446,출력,3
2189,얼굴,3
2028,추진,3
1278,핸드폰결제,3
1272,도면,3
1288,굳이,3
1269,부서,3
1463,연락,3
1467,백배,3
1268,일부러,3
2206,기술,3
1504,인하,3
2040,람,3
1228,바보,3
2019,그레이드,3
1200,록,3
2317,에나,3
1548,가족,3
1561,최,3
1563,다다,3
1564,극악,3
1576,못만드,3
1194,간략,3
1580,해먹,3
1321,행정,3
1322,구나,3
2390,입장,3
1285,도해,3
1191,상단,3
1323,어어,3
2127,어처구니,3
1539,몇개,3
1313,승,3
2037,업뎃되,3
2034,월급,3
2879,컴퓨터,3
1297,고해,3
2022,라지,3
1938,갯수,3
1912,한마디,3
2595,기하,3
2662,댓글,3
1402,병,3
1310,최종,3
2671,프리미엄,3
2278,엡,3
2955,정보라,3
2294,정리,3
1396,뷰,3
1306,만듬,3
2021,자신,3
1829,훨,3
2366,산,3
436,내야,3
651,절약,3
290,빈번,3
291,또한,3
297,뎅,3
155,놀,3
321,리뉴얼,3
153,쑥,3
614,빠,3
618,양,3
134,결과,3
949,행복,3
530,대도,3
117,백,3
1026,죽겠네,3
332,리좀,3
855,대부분,3
946,날씨,3
115,웹뷰,3
971,리라,3
860,지불,3
862,동시,3
768,신분,3
964,날림,3
793,니야,3
607,제약,3
237,대가리,3
206,개구,3
200,끈,3
219,글자,3
196,갈리,3
190,야간,3
229,컴공,3
590,싸움,3
568,전화번호,3
559,만원,3
985,주,3
795,주소,3
965,기준,3
822,제창,3
176,관계자,3
831,저녁,3
1004,한국,3
835,걷기,3
839,여전,3
1007,어려움,3
1010,주말,3
79,우리,3
579,거만,3
916,무용지물,3
900,탈때,3
39,풀림,3
751,지하철역,3
688,업,3
396,오,3
881,애매,3
882,새벽,3
733,바퀴,3
20,등등,3
387,핵심,3
918,데이타,3
469,손,3
1070,무심,3
1068,율,3
911,년도,3
896,곳곳,3
391,도입,3
725,껏,3
670,정적,3
1040,할랬,3
17,해제,3
432,개꿀,3
1083,족하,3
870,잡,3
1086,툭하면,3
505,두번째,3
453,아래,2
546,국정감사,2
477,정성,2
1800,사람인,2
2736,사려,2
465,담,2
439,차려,2
1715,인프라,2
1682,만듭니,2
1817,도통,2
2784,포,2
2795,절하,2
444,종로,2
2785,기합,2
2792,특수문자,2
2777,응대,2
2791,발주,2
2733,은자,2
2756,얘,2
543,품질,2
1723,인내심,2
1762,미납,2
2755,성인,2
1759,헷,2
1756,작품,2
521,정합,2
1776,전문가,2
526,가라,2
1746,기지,2
503,설,2
1739,버스비,2
1738,매월,2
1778,내내,2
1781,크기,2
1782,막,2
1785,고용,2
2745,대고,2
1735,한숨,2
2770,권한,2
1731,갓,2
2772,도도,2
493,마찬가지,2
535,보이지,2
3179,신촌,2
541,아이,2
515,빛,2
1794,단점,2
1795,도착,2
1742,차량,2
1092,가게,2
1677,매,2
3167,차도,2
1515,뱅글,2
695,놧,2
1520,렇,2
2875,피,2
1529,제때,2
683,종종,2
1534,더러,2
2872,문구,2
1545,무어,2
654,즉,2
1550,금은,2
1553,맘,2
3147,주의,2
1556,이생,2
1557,겨,2
3148,경고,2
1562,악의,2
647,차고,2
2860,약자,2
1514,머리,2
1512,출구,2
2885,걱정,2
1490,크게,2
723,튕기,2
719,초등학생,2
717,야외,2
1484,재부팅,2
709,최근,2
1487,성격,2
1488,장점,2
706,막상,2
699,고합,2
2886,노인,2
1495,간만,2
1497,힘,2
2891,황당,2
2890,유투브,2
1502,보관,2
1503,대의,2
1505,허탕,2
2889,계약,2
643,기껏,2
640,교체,2
2855,주체,2
1823,재시,2
1631,값,2
1632,질책,2
1633,연한,2
2825,일로,2
1637,제출,2
1638,합당,2
1640,세번,2
594,의성,2
3159,계해,2
2828,주행,2
1650,게걸,2
2817,사정,2
2816,밤새,2
1655,프로그래머,2
1662,은시,2
1665,어마,2
1667,도모,2
1668,르,2
605,경기도,2
1625,각종,2
638,분노,2
619,해당,2
2853,연간,2
633,대박,2
631,최초,2
2846,게이,2
623,박수,2
1595,심해,2
1596,열립,2
1599,대문,2
1604,효,2
1623,중학생,2
1608,미세먼지,2
2835,안전,2
611,진짜진짜,2
610,셈,2
1615,대통령,2
1617,당신,2
1618,바치,2
1621,나마,2
1646,이상은,2
1872,애로,2
2719,대처,2
2181,적응,2
2191,꼰,2
2197,두리,2
2198,세로,2
2486,분통,2
2200,종,2
114,데기,2
2209,대응,2
2479,저번,2
101,먹튀,2
2212,과제,2
2477,효율,2
90,인생,2
2475,빵빵,2
2472,친,2
2223,뿌리,2
2226,우리나라,2
2468,존재,2
129,복불복,2
2175,안눌리,2
2553,마자,2
2502,분지,2
2107,공개,2
2551,보수,2
2549,서울특별시,2
2548,버퍼링,2
2545,벤치마킹,2
2117,박아,2
172,맘대로,2
2130,업뎃왜,2
158,고정,2
2141,이나고,2
2142,죄송,2
2146,방향,2
2147,점점,2
2516,법도,2
2165,리뉴,2
2167,뿐더러,2
2503,게뭐임,2
2231,변화,2
2467,가금,2
3257,녹색,2
2241,입찰,2
2313,성해,2
32,따릉,2
2404,어째,2
31,관해,2
2328,신건,2
2334,언어,2
2335,거도,2
2389,업무,2
2387,오후,2
2341,아마추어,2
2343,는가,2
2347,민원,2
2350,업글,2
13,풀,2
2358,우세,2
2361,앱임,2
2372,청년,2
2310,시간대,2
2309,헛,2
2305,돈대,2
2272,뜰,2
2245,사업자,2
2446,욱,2
2445,더더,2
3260,즉시,2
2442,진자,2
2265,뭐임,2
2270,세월,2
2275,고다,2
2304,랍시고,2
2433,얼,2
2430,퇴근길,2
2290,민하,2
33,사랑,2
2297,지라,2
2298,고사,2
2299,분해,2
2105,사장,2
2102,쩌,2
410,이용도,2
1899,후기,2
366,구시대,2
2674,교환,2
1918,도데,2
357,나오니,2
2661,초반,2
1928,이십,2
2655,센터,2
1930,성하,2
349,딱지,2
2653,금도,2
347,린지,2
1936,이대,2
1937,가득,2
2651,삼십,2
2649,데이,2
1946,라가,2
1948,개악,2
2679,시청,2
2680,끌,2
2555,위험,2
2683,번은,2
3196,자물쇠,2
405,지세,2
401,띠,2
1848,버벅버벅,2
2708,위젯,2
1852,불능,2
393,평생,2
1857,여한,2
389,성은,2
1866,답변,2
1867,약관,2
383,싹,2
1879,체크박스,2
1881,징계,2
1883,로움,2
1886,돈좀,2
369,둘째,2
1950,신하,2
2641,홍보,2
2639,덩어리,2
2638,발암,2
2048,해지,2
2581,칼로리,2
2055,서요,2
2056,축소,2
2059,양심,2
2575,주기도,2
2068,여간,2
188,플래시,2
2071,낫,2
2074,리해,2
2079,데이트,2
2085,렌탈,2
2561,마련,2
2560,헤메,2
2094,통입,2
2097,릴리,2
2098,배포,2
2042,뚝,2
227,페이도,2
230,학년,2
1997,가납,2
1967,업뎃후,2
2633,해하,2
299,징,2
2626,철저,2
273,난국,2
1988,이보,2
261,법,2
2610,해외,2
2030,바란,2
2606,왤케,2
250,표적,2
2012,비리,2
2014,청와대,2
2600,전산,2
2026,탓,2
2027,역대,2
729,엿,2
1183,서민,2
734,일도,2
1372,멀리,2
1371,까치산역,2
1370,에이,2
1159,점수,2
1160,낮,2
3049,길안,2
816,방안,2
1368,단말,2
1019,안주,2
819,뭐합,2
825,펑크,2
1167,우지,2
1169,도움,2
1361,시비,2
1015,제거,2
1353,환승,2
1352,짱,2
1172,치밀,2
1349,시지,2
853,옛날,2
854,아마,2
3002,폐쇄,2
1343,셨으,2
3000,종각역,2
1176,토,2
1340,가량,2
1157,성의,2
1373,안함,2
1414,쓰시,2
1374,고가,2
3114,도중,2
777,러더,2
785,밥,2
786,대신,2
1401,렵,2
1044,후진,2
1397,수주,2
794,블로그,2
798,히,2
2936,오버레이,2
1043,극혐,2
1388,과,2
1386,사이즈,2
1039,휴대폰결제,2
1036,유효,2
803,중복,2
1144,난감,2
1146,의도,2
1380,시청역,2
3106,상세,2
1378,기록,2
3048,따라서,2
1150,소액,2
1151,차단,2
1027,책,2
1178,이슈,2
3097,오분,2
867,수원,2
1332,분리,2
1212,오기,2
1213,그때,2
974,얼른,2
1219,일인,2
1284,번시,2
920,결하,2
1224,읍니,2
2985,소유자,2
1277,저리,2
1227,스캔,2
1231,예상,2
2981,취,2
937,개떡,2
2977,할랫,2
1237,보급,2
1238,시설,2
1266,만드쇼,2
1264,나들이,2
938,단가,2
1260,유저,2
1244,사지,2
3068,굿,2
959,로라,2
957,로서,2
956,축,2
1293,대책,2
1298,앱킬때,2
983,채,2
1197,어디가,2
1331,쇠,2
1181,팀,2
2996,포함,2
880,근무,2
2994,멀웨어,2
3055,어쨌든,2
1318,웹페이지,2
1317,지난번,2
1316,구림,2
2992,어베스트,2
995,시적,2
992,온갖,2
2957,은행,2
990,모빌리티,2
1202,변,2
888,리플,2
889,은평,2
1203,경하,2
1305,하란,2
3086,히트,2
1205,공간,2
893,잔,2
1301,원숭이,2
1206,통,2
2928,제한,2
1248,별도,2
1060,제로,2
1454,무지,2
758,연하,2
1077,기네,2
3032,잔액,2
1128,드네,2
760,소하,2
1087,적도,2
1108,리안,2
1465,여기저기,2
740,오전,2
1460,내지,2
737,한적,2
1064,요한,2
1464,개그,2
1124,발사,2
1129,최소한,2
1449,만요,2
1423,핵,2
763,문,2
1417,의지,2
750,버스정류장,2
1435,었다,2
1063,정작,2
1069,나무,2
1450,구한,2
1114,쾌적,2
1432,금전,2
3126,보통,2
735,사고,2
2906,늦,2
3234,허용,1
2573,만점,1
3024,눈오,1
2574,판단,1
2386,분발,1
2989,바좀,1
2384,한국사,1
2578,다산,1
3059,행정절차,1
2382,짜쯩,1
2585,납부,1
2987,검은색,1
2584,갈취,1
2583,운동복,1
2582,변수,1
3062,돈울,1
2381,여중,1
3061,햇다,1
3031,획,1
2576,내부,1
2988,카멜레온,1
2383,지대,1
2580,전문성,1
3060,아이템,1
3232,회하,1
3233,미완성,1
3058,탁상공론,1
2577,차선,1
2572,연속,1
2436,만년,1
3235,문안,1
2394,청문회,1
3240,지적,1
3057,대면,1
2554,도용,1
2391,초등교육,1
3056,려워,1
3241,난무,1
2392,난독증,1
2393,환자,1
2552,절실,1
3023,다음해,1
3054,두서,1
2395,더느러,1
2550,질적,1
2995,악성코드,1
3033,컴탠츠,1
3053,구분,1
2547,제작자,1
2546,지도사,1
3021,버벅입니,1
2991,멜웨어,1
3239,혈,1
3264,열불닌다,1
2571,오진,1
2570,대형,1
2569,곤장,1
2568,모조리,1
2567,자놈,1
2566,일시,1
3236,갤노트3,1
2564,통과,1
3265,수시,1
2563,상술,1
3237,항목,1
3022,지다,1
3238,짤렸다,1
2990,굿굿,1
2559,견단,1
2558,체험,1
2557,비밀,1
3266,샤,1
3025,곤,1
2586,해처,1
2611,좌절,1
2623,에지,1
2622,정함,1
2373,배려,1
2621,무우,1
2620,모로,1
2374,발라,1
3026,핵꿀,1
3029,영어,1
2619,버벅거림,1
3218,닐수있어,1
3219,손볼곳,1
2618,작업,1
2617,선적,1
3220,헌,1
2616,키도,1
2978,젓,1
2615,화시,1
2614,벤치마크,1
2613,중국,1
2624,겟네,1
2625,잠기,1
2976,냇,1
3217,디버깅,1
2369,계솓,1
3214,권리,1
2634,챙,1
3215,구현,1
3216,레이아웃,1
3066,국수,1
2370,타블렛,1
2632,망연자실,1
3267,만화,1
2975,호환,1
3028,가도,1
2973,설전,1
2631,대시,1
2630,허둥지둥,1
2629,아저씨,1
2974,구글맵,1
2628,세대,1
2627,일곱,1
2612,감마,1
3221,십오분,1
3231,만조,1
2979,처숨겻는,1
2378,경의,1
3227,경,1
2596,여럿,1
2379,롭네,1
3065,락준,1
2594,엿먹은,1
2593,컨셉,1
3064,오랫동안,1
2592,초등학교,1
3228,고창,1
2986,번인,1
2591,동떨,1
2590,강동구,1
3229,초뒤,1
3230,청장,1
2544,카,1
3063,응답기,1
2588,가줄,1
3030,발기,1
2984,실용,1
2597,이서,1
2377,신뢰,1
2603,템,1
2609,경악,1
2608,전형,1
2607,판이,1
2980,볼라,1
2605,근래,1
2604,이로,1
2375,직,1
2376,버벅거,1
2982,볼일,1
3226,륵,1
2602,지조,1
3222,은서,1
2601,웬,1
2983,서리,1
3223,질앱,1
2599,플러스,1
3224,억울,1
3225,좌르르,1
2368,발급,1
2537,날자,1
2543,지문,1
2428,연체,1
3010,육두문자,1
2420,테러,1
2421,왜함,1
2474,고작,1
2473,인척,1
3016,시국,1
3047,복사,1
2422,듁,1
3046,넣기,1
2471,이사,1
2423,짤렸어,1
2424,안시,1
3255,다차,1
2470,충전,1
2469,한요,1
2425,다날,1
2426,길거리,1
3256,준비,1
3011,육성,1
2419,졋,1
2476,어쩜,1
3254,식인,1
3007,안됰데,1
2415,전의,1
2416,방황,1
2485,거땜,1
3035,추후,1
2484,모니터,1
3036,지역별,1
3006,기종은,1
2482,매연,1
3252,알파벳,1
3253,가입자,1
2481,삿다,1
2480,오토바이,1
3017,어쩌고할,1
3008,살라,1
3009,친가,1
2417,금일,1
2418,앱켜,1
2478,마주,1
2427,격일,1
2465,먹이,1
2396,부하라,1
2429,료내,1
2450,거길,1
2449,금처,1
3259,냉무,1
2448,고세,1
3262,미등록,1
2447,개뭣,1
3043,원님,1
3041,홍제동,1
3012,찰,1
2443,난해,1
3261,개나리,1
3013,튀어,1
2441,할랬는데,1
3039,연신내,1
3040,반포대교,1
2440,배너,1
2439,럼,1
2438,거처,1
2437,이예,1
2451,와우,1
2452,선하,1
2434,마전,1
3263,립니,1
3015,등지,1
2464,라진,1
2431,다나,1
2463,간결,1
2462,재거,1
2461,티,1
2460,동의,1
2432,하래,1
2459,검,1
2453,실지,1
2458,여수,1
2457,불하,1
3044,입구,1
2456,알도,1
2455,충격,1
3038,루트,1
3258,에너지,1
2454,혹시,1
3005,진땀,1
2414,들어놧,1
2413,개뭐,1
2487,발꼬락,1
3020,수집,1
2527,시인,1
2526,조작성,1
2525,이돈,1
2400,때타,1
2999,집회,1
2524,돈날렷네,1
2523,정검,1
2522,상승,1
2401,로그,1
2402,윈,1
2521,삶,1
3245,병신,1
2519,방금,1
2518,스팟,1
3001,일대,1
2403,죙일걸려,1
2517,밖아놯,1
3034,관광객,1
2528,전무,1
2998,대중,1
2529,입렫하,1
3242,흠,1
2542,문득,1
2541,반드시,1
2540,허가,1
2539,앱스토어,1
2538,타네,1
3014,홈피,1
2536,일자,1
2397,징애,1
3243,출시,1
2530,기관,1
2535,늘려쥬새,1
2534,한양대,1
2398,정액,1
2399,토욜,1
2997,안티바이러스,1
2533,가치,1
3244,테스,1
2531,시중,1
2405,즐겨찿기,1
2515,덕지덕지,1
3246,맙시,1
2494,튕김,1
2499,똥덩어리,1
2498,나나,1
2497,월권,1
3249,문화,1
2412,업뎃했,1
2496,정기,1
3050,반포,1
2495,충돌,1
2493,일차,1
2411,짤,1
3003,앱내,1
2491,릴라,1
3250,아들,1
2490,빼주,1
3004,대상,1
3251,무리,1
2489,포맷,1
2488,업뎃을하,1
2500,진창,1
2410,어쩝,1
2514,듯이,1
2507,업종,1
2406,내일,1
2513,양임,1
2407,었으,1
2511,리얼,1
2510,메터,1
2509,용해도,1
2408,상상,1
2508,왜햇,1
2409,고려시대,1
2501,업뎃왜쳐한거,1
3247,소키,1
3052,공원,1
3248,이제껏,1
2506,어쩌잔겁,1
2636,언플,1
3018,빙자,1
2504,먹음,1
3051,소라,1
2505,갑작,1
3208,인안,1
2637,쩐다,1
2821,상해,1
2827,마이,1
2934,제시,1
2935,강도,1
2824,년월,1
3157,갓길,1
3110,상애,1
3158,렴,1
2823,왕하,1
2822,출장,1
3109,삼성로,1
2820,이쯤,1
3163,선,1
3108,협찬,1
2819,안드로이드폰,1
2818,해달,1
2937,돈띵겨먹었,1
3107,쩔어요,1
2815,방치,1
3160,이동수,1
3161,놨네,1
2812,미숙,1
2811,산만,1
2933,비정상,1
3156,쓸랐,1
2932,가든,1
2829,탄소,1
2843,하랫,1
3155,방문,1
3115,개념,1
2842,예수님,1
2841,이인우,1
2927,나이,1
2840,재외동포재단,1
2838,코스,1
2929,상점,1
2837,라이딩,1
2836,운행,1
3113,시부,1
2834,부하,1
3112,금지,1
2833,컨텐츠,1
3111,응원,1
2832,만족감,1
2831,성취,1
2930,고유,1
2830,감축,1
2931,식별,1
3162,뱅킹,1
2938,좀공,1
2925,신호등,1
3104,남지,1
2940,오만,1
2790,픽셀,1
2941,통신사,1
3172,대서,1
3173,소개,1
2789,로고,1
2788,취미,1
3174,시구,1
2787,기세,1
2786,민간,1
3175,오픈,1
2810,논리,1
3176,세시,1
2783,상대로,1
2782,에러메시지,1
2781,깜빡,1
2780,불법,1
3177,간정,1
3103,귀신,1
2778,했넹,1
2942,길찾기,1
2776,으리,1
2793,영문,1
2794,축적,1
2796,휴대전화,1
3171,행인,1
2809,미래,1
3105,다해,1
3164,특별,1
2939,디바이스,1
2808,도나,1
3165,코딩,1
3166,땨,1
2807,두고두고,1
2806,른,1
2805,동,1
2804,내곡동,1
3168,유의사항,1
2803,세곡,1
3169,도심,1
2802,수서,1
2801,강남구,1
2800,경로,1
2799,필요성,1
3170,수칙,1
2798,미결,1
2797,화이트,1
3116,블럭,1
2844,고아,1
2640,개열,1
3136,강동,1
2887,일자리,1
2884,노후,1
2883,신설,1
2910,장가,1
2911,횡단보도,1
2882,한가지,1
2881,선진국,1
2880,공공시설,1
2912,분오,1
2878,샘,1
2877,어,1
2915,왓어용,1
3137,중랑,1
2876,걷엇을거,1
2913,버됐다,1
3138,헤멨,1
3125,단위,1
3124,소한,1
3139,시간제,1
3140,다작,1
2874,퀼리티,1
2873,누,1
2888,화이팅,1
3127,비르,1
2909,럽,1
3135,주지,1
3131,상실,1
2902,절로,1
3130,무인,1
2899,왓는데,1
3132,점주,1
2898,텀이있,1
3133,미완,1
2903,왜죱,1
2897,약간,1
3129,편도,1
2904,겨자,1
2905,먹기,1
2896,전기자전거,1
2895,잭,1
3134,성인가요,1
2894,심혈,1
2907,믿음,1
2893,수건,1
2892,대국민,1
2908,직스,1
3128,류안,1
3123,마세욬,1
3141,유저빌리티,1
2845,무말,1
3151,여의나루역,1
2919,인정,1
2859,심심,1
2858,이편,1
2920,어르신,1
2857,귀속,1
2856,채권,1
3117,안쪽,1
2921,구경,1
2854,딸릉,1
2922,여자친구,1
3152,건너편,1
3142,그따위,1
2852,선의지,1
2851,리도,1
3153,중학교,1
2923,레알,1
2850,돝,1
2849,몰리,1
2848,카즈,1
2847,내핸폰,1
3154,은사,1
2924,향,1
2861,상반,1
3150,핑계,1
2862,서민이,1
3118,뺑뺑,1
2871,나중,1
2870,렸,1
3143,폭탄,1
2869,멋대로,1
3144,디다,1
2916,반환,1
3145,러시,1
2868,비도,1
3146,자부심,1
2867,으루,1
2866,은진,1
3122,널널,1
2865,맨트,1
3121,네모,1
3120,하얀색,1
2917,반나절,1
2864,시점,1
2863,사회,1
2918,후블,1
3119,더라도,1
3149,덧,1
2775,제안,1
2943,목적지,1
3102,복지국가,1
2688,논란,1
2694,툭,1
2693,젠데,1
3077,헛걸음,1
2692,마인드,1
2961,부여,1
2691,후진국,1
3076,외해,1
2690,관점,1
2689,손익,1
3203,퇴,1
2687,폐지,1
3074,제곧내,1
3204,전역,1
2962,국전,1
2686,적자,1
2685,실생활,1
2684,젭알,1
2963,괜,1
2682,픽,1
2681,접수,1
2964,남발,1
2965,벌레,1
2695,치면,1
3202,직장인,1
2960,일행,1
3201,분당,1
3199,사용설명서,1
2709,높이,1
3083,뇌물,1
2958,광고,1
2707,그날,1
2706,버거운,1
3200,게타,1
3082,면안,1
3081,차보,1
2704,행사,1
2703,민주당,1
2702,불어,1
2701,언론,1
3080,명절,1
2700,수다,1
2699,콜라보,1
3079,훅,1
2698,악플,1
2697,웹앱,1
2696,이요,1
3078,후의,1
3075,동일,1
2678,서울역,1
2774,로나,1
2648,있릅니,1
3071,뉴,1
2968,써글놈드,1
3210,닐려구,1
3070,불변,1
3211,다방면,1
2652,간간,1
2969,일정,1
2650,테,1
3069,외국어,1
3212,하나로,1
2647,로써,1
2677,신호,1
2970,배율,1
2971,돌대가리,1
2646,숙지,1
2972,세계,1
2645,불통,1
2644,눈치,1
2643,고발,1
3213,양하,1
2642,대광고,1
3067,옹,1
2654,안바,1
2967,라이,1
2656,작성,1
2657,논,1
2676,볼때,1
2675,은하,1
2966,난치,1
2673,일반구,1
3205,원내,1
3206,찍기,1
2670,선불,1
2669,무척,1
3207,정확,1
2668,어케해,1
2667,그동안,1
2666,운용,1
2665,쇼핑몰,1
2664,나가야,1
3073,여태,1
3072,마무리,1
2900,재능,1
3209,불찰,1
2660,딥빡,1
2659,필요시,1
2658,성도,1
3084,농후함,1
3085,감동,1
3198,편의점,1
2751,흰색,1
2759,무쵹,1
2947,마침,1
3185,해랑,1
2758,지방세,1
2948,하필,1
3186,우리은행,1
2757,세미,1
2754,세이,1
2753,오레오,1
2752,빈창,1
2750,어쩌실,1
3197,잠시,1
2749,망,1
3187,쭉,1
3096,유독,1
2949,발톱,1
3095,신안,1
3094,문과,1
2748,실효,1
2747,횡포,1
3093,결론,1
3092,아집,1
2760,추석,1
2761,피프틴,1
2762,검도,1
3184,첫째,1
3178,서대문,1
3101,유하,1
3027,알다,1
2944,출발,1
3180,소가,1
2771,나치,1
3100,공,1
3181,왕복,1
3099,전용,1
2769,용량,1
2768,구단,1
2945,번갈아,1
2767,고철,1
2766,뭐함,1
2765,릉,1
2946,지니,1
2764,스크린,1
2763,체익,1
3182,가정,1
3183,모자,1
3098,지정,1
3188,자가,1
2746,비앱,1
3091,가령,1
3088,취급,1
2727,사리,1
3087,외국,1
2954,번키,1
2726,우동,1
2725,뇌,1
2724,노가다,1
2723,고마,1
3193,둿,1
3194,부가,1
2722,항몬,1
2721,달기,1
3195,부과,1
2720,우편번호,1
2956,은어,1
2718,잔차,1
2716,과장,1
2715,부장,1
2714,책상,1
2713,왜인,1
2712,사설,1
2711,시말서,1
2728,주네,1
3192,덧글,1
3189,사마,1
2729,이오나,1
2744,거장,1
2950,부러,1
2743,불쾌,1
2742,무색,1
2741,라며,1
2740,동영상,1
2739,증거,1
2738,혹,1
2737,소리,1
2951,인파,1
3090,집중,1
3089,강북,1
2952,사이,1
2735,코,1
2734,는택,1
2953,냄새,1
2732,단시간,1
2731,고개,1
3190,분도,1
3191,깨름칙,1
2730,퉷,1
2773,행정기관,1
1634,성과,1
2367,출금,1
1398,비력,1
1276,큐얼,1
1275,코레일,1
1274,유기,1
1273,직무,1
1270,무신경,1
1265,어치,1
1261,따윈,1
1258,보라,1
1255,드디어,1
1254,옵션,1
1251,아웃소싱,1
1243,들락날락,1
1242,애시,1
1241,강,1
1239,단합,1
1236,능인,1
1235,한기,1
1234,예측,1
1233,블폰,1
1232,폴더,1
1230,접촉,1
1229,카메라,1
1226,뷸량품,1
1225,강사,1
1221,똭똭,1
1279,오라,1
1281,개뿔,1
1286,세션,1
1342,월부,1
1394,빽,1
1391,렌트,1
1389,비어,1
1382,역표시,1
1377,좀마,1
1375,내세,1
1367,개불,1
1366,양인,1
1356,덜덜,1
1355,약속,1
1350,개젖,1
1341,구식,1
1292,향후,1
1335,기타,1
1334,번의,1
1329,떨어트,1
1319,가가,1
1315,타이핑,1
1312,안돠,1
1311,사별,1
1308,기해,1
1304,다짜고짜,1
1303,적절,1
1300,대연,1
1218,인증서,1
1211,리다이렉트,1
1207,이왕이면,1
1082,증발,1
1116,휴대,1
1111,명등,1
1109,개패,1
1107,욧,1
1106,헬멧,1
1105,광운대,1
1100,튜토리얼,1
1097,퀼리티입니,1
1093,자구,1
1089,날때,1
1084,저런,1
1081,샛,1
1123,만세,1
1080,렉땜,1
1075,악평,1
1074,태그,1
1059,분실,1
1058,졸라,1
1057,꼬졌다,1
1054,십,1
1051,주도,1
1050,모름,1
1049,일지,1
1048,목적,1
1117,퐁,1
1125,간의,1
1199,날수,1
1173,문제해결,1
1196,대체로,1
1193,직후,1
1187,럴,1
1186,실상,1
1185,구야,1
1182,추어,1
1180,보아,1
1179,일어나지,1
1177,런,1
1175,기염,1
1174,성원,1
1164,원용,1
1126,유착,1
1162,캬핳,1
1158,인력,1
1156,구실,1
1155,장기,1
1154,룩,1
1153,주루,1
1148,얀,1
1141,진보,1
1134,수치심,1
1133,도덕,1
1131,극도,1
1395,넥스트,1
1399,가계,1
1648,대전,1
1400,참어,1
1587,객,1
1585,이심,1
1582,독,1
1581,칭찬,1
1578,뭣같,1
1577,창업,1
1575,핏돈,1
1574,휴일,1
1573,명도,1
1570,상이,1
1569,초등학,1
1568,조건,1
1567,이구,1
1565,소프트웨어,1
1560,다지,1
1559,도문,1
1554,갑자,1
1552,경합,1
1551,존,1
1547,중딩,1
1543,빡머가리,1
1541,영화,1
1540,돌머,1
1536,녜,1
1535,이상태,1
1588,래야,1
1589,량많,1
1591,협업,1
1619,굉장,1
1644,공익,1
1642,책보,1
1641,보이스피싱,1
1635,못내,1
1,젛,1
1630,성찰,1
1629,고찰,1
1626,다양,1
1624,용이,1
1622,맥,1
1620,고서,1
1616,삼선,1
1592,겉,1
1612,살기,1
1611,달동네,1
1610,승차,1
1609,봉책,1
1606,차서,1
1605,별루,1
1603,연락처,1
1601,쪼금,1
1600,일어나고,1
1597,오래전,1
1593,번지르르,1
1533,게라,1
1528,집도,1
1525,들엇,1
1429,튕기는때,1
1459,몆번씩,1
1458,엉덩이,1
1457,기자,1
1453,리베이트,1
1448,코멘트,1
1447,인적,1
1445,이동해,1
1444,마냥,1
1439,증명,1
1437,책임,1
1436,타나,1
1428,머임,1
1462,라야,1
1424,개미,1
1422,확보,1
1420,댕,1
1419,초도,1
1418,원한,1
1416,통보,1
1415,계시,1
1412,자하,1
1411,투,1
1410,지보면,1
1408,공부,1
1461,듭,1
1466,앱키,1
1523,땜,1
1506,모버일,1
1521,돌아이,1
1519,가왜,1
1518,샘플,1
1517,클라스,1
1516,돌기,1
1513,목록,1
1511,합정역,1
1510,평지,1
1509,언덕,1
1508,도서관,1
1507,마포,1
1501,무열,1
1469,닐까,1
1500,그냑,1
1499,중지,1
1498,여니,1
1496,여력,1
1493,멘붕,1
1492,편성,1
1485,리눅스,1
1481,자살,1
1479,오천,1
1471,갓릉,1
1470,손절각,1
1046,어쩌면,1
1045,잡침,1
1042,알뜰폰,1
1035,후지,1
507,안이,1
501,스타트업,1
497,데이터베이스,1
464,역할,1
463,추적,1
457,필히,1
434,달팽이,1
433,타임스퀘어,1
414,젤,1
406,유아,1
404,가디,1
402,할복,1
395,다른사람,1
392,환골탈퇴,1
386,이자,1
379,수록,1
374,배치도,1
372,독보,1
365,세기,1
360,정령,1
359,뭣,1
356,번꼴,1
352,빈약,1
341,익,1
337,붙이,1
508,사고방식,1
516,졸속,1
517,안도,1
571,례,1
592,리하나,1
591,쏠로,1
589,실랑이,1
588,여친,1
587,맹글,1
585,지난,1
584,그이,1
583,가슴,1
581,다생,1
580,혈세,1
575,이력,1
570,수차,1
522,재개발,1
566,씌레기같,1
563,호주머니,1
557,자감,1
553,주제,1
552,갱신,1
550,하디,1
537,기급,1
536,쉬레,1
534,떳는데,1
528,광리,1
523,저기,1
334,다혈질,1
331,어머니,1
329,번거럽,1
77,창피해,1
160,한가운데,1
157,빡세,1
154,깜짝,1
152,좌판,1
139,관심,1
136,기적,1
121,지옥불,1
116,히스토리,1
102,플로,1
99,참나,1
95,초음,1
74,공기,1
166,손가락,1
70,적개심,1
66,나랏돈,1
65,경쟁자,1
63,일부,1
46,개차반,1
44,살때,1
36,패스,1
25,업계,1
24,부관참시,1
23,능지처참,1
11,기기,1
165,아스팔트,1
173,책임감,1
320,률,1
236,윗,1
314,취하,1
304,루,1
258,우,1
257,아치,1
252,대규모,1
251,대목,1
246,도움말,1
245,엄지손가락,1
243,소득세,1
242,지방,1
239,얘기,1
228,전문대,1
175,개밥그릇,1
221,리만,1
220,세자,1
213,케,1
193,스,1
192,사비,1
187,려,1
186,벌금,1
183,강화,1
182,교통법,1
179,평화로움,1
177,덕,1
599,둥,1
602,로그인오류,1
608,삐,1
891,픈,1
931,외부,1
930,볼땐,1
928,뿐더,1
921,방편,1
914,나이스,1
912,유일,1
910,쌍팔,1
903,한눈,1
902,잇엇으,1
901,누적,1
898,좋겧,1
887,효과,1
933,반개,1
886,절감,1
885,지출,1
883,직업,1
879,슴니,1
878,아쥬,1
877,환상,1
876,소셜,1
872,세용,1
869,이복,1
865,유료,1
864,게임,1
932,절때,1
936,자물쇄,1
847,야말로,1
984,박하,1
1034,힐링,1
1028,나타남,1
1024,버벅거려,1
1020,어쩌란겁,1
1018,할리,1
1016,진행중,1
1014,삭,1
1012,평정,1
1006,왜캐,1
1005,비슷,1
999,전달,1
982,최대,1
939,후려,1
979,빙빙,1
975,고민,1
973,천재,1
970,전원,1
969,태반,1
968,복불,1
958,소스,1
954,안달,1
947,노래,1
945,루프,1
944,며,1
857,서일,1
841,브레이크,1
621,참여,1
664,신기하,1
726,튕겻,1
718,가독성,1
716,폰트,1
697,틀때,1
696,일해,1
693,중화,1
690,일요일,1
685,필수,1
682,기계로,1
680,예시,1
669,거주지,1
663,어딘,1
739,른탓,1
658,리붓,1
656,창피,1
655,분사,1
653,분소,1
652,탑승,1
650,싸구려,1
645,만결,1
637,쉣임,1
636,생명,1
635,원만,1
624,분안,1
736,날뻔,1
741,뇨,1
840,빌렀는,1
776,세명,1
826,둘,1
824,현장,1
811,거뭐,1
810,못만듬,1
808,동도,1
807,앱구,1
802,업로드,1
800,수기,1
791,마인,1
789,구멍,1
781,개쥐똥,1
774,롭,1
744,쉬,1
773,여유,1
771,구이,1
769,커리어,1
767,인턴,1
766,유학,1
765,대학,1
764,유명,1
762,사과,1
759,사과문,1
757,피해,1
749,대비,1
1645,웹사이트,1
1649,타슈,1
2365,주전,1
2207,접목,1
2160,만일,1
2159,자식,1
2158,꼰대,1
2157,이여기,1
2155,여창,1
2154,딩되,1
2153,게로,1
2151,국본,1
2150,대남,1
2149,검증,1
2148,후퇴,1
2145,쯔쯧,1
2144,시행,1
2143,하단,1
2140,웅신같,1
2139,웅신,1
2138,은제,1
2137,선터,1
2135,토요일,1
2134,게시판,1
2133,야시장,1
2132,섬,1
2131,둥둥,1
2129,꿈,1
2128,웃기,1
2161,인의,1
2162,자취,1
2163,집시,1
2185,검수,1
2203,가이드,1
2202,뭐징,1
2201,잠실,1
2199,회색,1
2196,만드나,1
2195,타려스,1
2194,숙고,1
2190,바꿈,1
2188,게모,1
2187,축소도,1
2186,드림,1
2184,안눌림,1
2164,트,1
2182,동생,1
2179,혼란,1
2178,일회용,1
2177,빌려볼랬,1
2176,간신,1
2174,빡,1
2173,수락,1
2172,자전,1
2171,기미,1
2170,어쩌라구,1
2169,동단,1
2124,실화,1
2123,주일,1
2122,버던,1
2060,빅픽쳐,1
2080,빌리닌까,1
2078,신세,1
2077,닭,1
2076,굴릴거,1
2073,탁,1
2070,배우,1
2067,다오,1
2066,여주면,1
2064,산입,1
2063,렇게,1
2062,능럭,1
2058,놨는,1
2082,무릎,1
2052,화려,1
2051,리셋,1
2050,만들엇으,1
2049,컴팩트,1
2047,엔터,1
2046,상자,1
2045,패닝,1
2043,링크,1
2041,풀이,1
2039,본사,1
2038,칼퇴,1
2081,타이어,1
2083,피멍듬,1
2121,주거,1
2108,왜만드,1
2120,불해,1
2119,한마음,1
2118,소고,1
2116,형,1
2115,모드,1
2114,실항,1
2113,수조,1
2112,양으로,1
2111,해죽,1
2110,해논,1
2109,뚝배기,1
2106,싼마이,1
2084,진단,1
2103,오죽,1
2101,아디,1
2100,요요,1
2099,팝,1
2093,생겼슴다,1
2092,극심,1
2091,려짐,1
2090,라울,1
2088,하마,1
2087,일간,1
2086,간절,1
2204,바탕,1
2208,앞로,1
1651,남자친구,1
2210,폐쇠,1
2325,이바,1
2324,발바,1
2322,노고,1
2321,지식,1
2320,전문,1
2319,장합,1
2318,강하,1
2316,옵,1
2315,만약,1
2314,이싱,1
2312,주로,1
2311,수거,1
2308,건데,1
2307,깝깝,1
2306,헛짓,1
2303,수라도,1
2302,공중,1
2301,희망고문,1
2300,버려진,1
2296,실험,1
2295,수렴,1
2293,동료,1
2292,애나,1
2291,시기,1
2289,진로,1
2326,뀌,1
2327,렷네,1
2329,간전,1
2349,데리,1
2364,개별,1
2363,납품,1
2362,버,1
2360,었어,1
2359,자지,1
2356,티맵,1
2355,권유,1
2354,악,1
2353,개최,1
2352,업뎃헷,1
2351,마여,1
2348,개시,1
2330,돈내,1
2346,제품,1
2345,미달,1
2344,자격,1
2342,리스트,1
2340,전도,1
2338,었,1
2337,대대,1
2336,헬,1
2333,초창,1
2332,고이,1
2331,데쓰,1
2288,치취,1
2287,리조,1
2286,고여,1
2234,쓴소리,1
2247,간곡,1
2246,실,1
2244,하드웨어,1
2243,반영,1
2242,앱땜,1
2240,해상도,1
2239,납,1
2238,통일,1
2237,무니,1
2236,일동,1
2235,백년,1
2233,각,1
2250,피곤,1
2230,껄,1
2229,완벽,1
2228,주어,1
2225,빠듯하,1
2222,주위,1
2221,람디,1
2220,한사,1
2219,자시,1
2217,물방,1
2215,기모,1
2213,알고리즘,1
2249,에스,1
2251,따룽,1
2285,삼식이,1
2268,맏겨,1
2284,알음,1
2283,주무관,1
2282,남아,1
2281,아슬아슬,1
2280,썻길,1
2279,건드,1
2277,덜,1
2276,녀,1
2273,업뎃할,1
2271,장류,1
2269,들보,1
2267,반주,1
2252,닝,1
2266,중하,1
2264,박살,1
2263,지기,1
2261,막심,1
2260,탄핵,1
2259,하냨,1
2258,색기,1
2257,학부,1
2256,차이,1
2254,혐,1
2253,기리,1
2035,꼬박꼬박,1
2033,대야,1
2032,하위호환성,1
2031,빵,1
1802,송신,1
1799,위치인식,1
1798,첨,1
1797,껃다켜,1
1793,주관,1
1792,니지,1
1791,릴,1
1790,신명,1
1788,낙하산,1
1787,임금,1
1784,그냔,1
1780,글씨,1
1779,엿같아,1
1773,을지,1
1772,수나,1
1771,오타,1
1770,온,1
1769,별표,1
1768,나머지,1
1767,앞세,1
1766,플젝,1
1765,대학교,1
1761,요긴,1
1758,전시,1
1757,전공자,1
1804,통틀어,1
1805,오로지,1
1806,페북,1
1833,제기,1
1851,기후,1
1850,뒤로,1
1849,인후,1
1843,참조,1
1842,쏙,1
1841,고장률,1
1839,신한대,1
1838,할런다,1
1836,여러분,1
1835,왜이러죵,1
1834,헬맷,1
1832,정식,1
1807,일체,1
1830,고치시,1
1828,사시,1
1824,작,1
1822,집행,1
1821,제작비,1
1819,전해,1
1816,얼씬,1
1815,훠,1
1812,업뎃된,1
1811,치기,1
1808,간청,1
1755,졸업,1
1754,이하이,1
1749,이오,1
1676,회원구,1
1694,감겨,1
1693,고무,1
1692,까만색,1
1691,아래쪽,1
1689,위쪽,1
1688,차지,1
1686,반박,1
1685,이야기,1
1684,콕,1
1683,한구석,1
1679,할당,1
1674,그니,1
1696,아가서,1
1673,랜딩,1
1672,셋,1
1669,금주,1
1664,었습니,1
1663,간이,1
1659,들것,1
1658,소름,1
1657,돈벌,1
1654,상쇄,1
1653,능이,1
1652,의기,1
1695,페달,1
1697,냇구,1
1748,가로,1
1720,전화기,1
1745,과데,1
1744,기차,1
1743,허겁지겁,1
1741,전철역,1
1740,일찍,1
1734,여운,1
1733,귀,1
1730,여름,1
1729,평,1
1725,붕,1
1721,점심시간,1
1719,점심,1
1701,스무,1
1718,일쑤,1
1717,폭주,1
1714,엽니,1
1713,경제,1
1712,카셰어링,1
1711,텍스트,1
1709,닌데,1
1707,스레기,1
1706,이진,1
1705,긴지,1
1702,스하,1
1854,조잡,1
1855,무거워,1
1858,다한,1
1962,일거리,1
1982,박스,1
1981,콤보,1
1980,하여튼,1
1978,동동,1
1977,정확도,1
1975,여행,1
1974,본연,1
1973,욕심,1
1969,수량,1
1968,왜케,1
1964,한단,1
1961,횡령,1
1984,지시,1
1960,자연,1
1959,천배,1
1958,정이,1
1957,화룡,1
1956,비율,1
1955,퇴화,1
1953,다도,1
1952,앱보,1
1951,사례,1
1949,실체,1
1945,라운드,1
1983,매뉴얼,1
1985,압,1
1942,개빡,1
2007,졸작,1
2029,승진,1
2025,강국,1
2024,대입,1
2020,정상화,1
2018,무아,1
2017,허탈,1
2015,청원,1
2013,처벌,1
2010,개무시,1
2009,자녀,1
2008,페이스북,1
2006,왜만듬,1
1986,예외처리,1
2005,됫,1
2004,전후,1
2002,자서,1
2001,용돈,1
2000,만들엇네,1
1999,실컷,1
1998,산들,1
1996,전보,1
1994,어봤으,1
1993,만물,1
1990,우여곡절,1
1944,행동,1
1941,위탁,1
1859,잔뜩,1
1882,뭉게,1
1898,회수,1
1897,비용,1
1896,서사,1
1895,기바,1
1894,즉각,1
1893,실무,1
1892,명성,1
1889,었군,1
1888,오브,1
1885,소화,1
1884,트래픽,1
1880,애자,1
1902,청,1
1878,몹시,1
1877,청소년,1
1876,탈맘,1
1871,금사항,1
1869,왼쪽,1
1868,크란,1
1865,후재,1
1864,사단,1
1862,웰케,1
1861,시깜,1
1860,더위,1
1900,켜둘,1
1903,사형,1
1940,향상,1
1919,라인,1
1939,간도,1
1933,심정,1
1931,거린,1
1929,훌쩍,1
1927,골,1
1926,과분,1
1925,퍼다,1
1924,인맥,1
1923,어빠,1
1922,썩,1
1921,프리랜서,1
1917,어쪼,1
1904,율도,1
1916,장임,1
1915,오조,1
1914,멍텅구리,1
1913,걸핏하면,1
1911,것응,1
1910,오직,1
1909,소식,1
1908,이지나,1
1907,한정,1
1906,최강,1
1905,버벅임,1
3268,시절,1